{
  "$schema": "https://raw.githubusercontent.com/grafana/grafana/master/docs/sources/developers/plugins/plugin.schema.json",
  "type": "panel",
  "name": "Grafana Panel Plugin Template",
  "id": "myorgid-simple-panel",

  "info": {
    "description": "Grafana Panel Plugin Template",
    "author": {
      "name": "Your Name"
    },
    "keywords": ["panel", "template"],
    "logos": {
      "small": "img/logo.svg",
      "large": "img/logo.svg"
    },
    "links": [
      {"name": "Website", "url": "https://github.com/grafana/grafana-starter-panel"},
      {"name": "License", "url": "https://github.com/grafana/grafana-starter-panel/blob/master/LICENSE"}
    ],
    "screenshots": [],
    "version": "1.0.0",
    "updated": "2021-09-20"
  },

  "dependencies": {
    "grafanaDependency": ">=7.0.0",
    "plugins": []
  }
}
